FNAME,M,LNAME,PHONE_NUM,0,TITLE
Ashlen,L,Wraight,666-175-3621,2020021,Engineer
Jorge,O,Van Der Straaten,807-911-5378,2020025,Engineer
Derick,L,McGougan,499-803-4093,2020027,Engineer
Eada,,Tichner,324-887-1588,2020038,Engineer
Norma,B,Swatten,385-343-1693,2020043,Engineer
Sibelle,E,Beeke,480-543-7323,2020045,Engineer
Freddy,,Gribbell,510-662-8802,2020049,Engineer
Kaila,P,Spada,132-918-9725,2020091,Engineer
Breena,X,Wainer,818-616-1406,2020095,Engineer
Arron,,Gravener,297-336-5871,2020104,Engineer
Nadya,B,Tippler,750-180-9788,2020105,Engineer
Rem,P,Dooher,747-627-8395,2020121,Engineer
Luisa,E,Schoenrock,528-877-7294,2020133,Engineer
Mikol,O,Beddis,998-717-1737,2020137,Engineer
Dina,,Coxall,972-298-5293,2020145,Engineer
Lenna,D,Murford,438-102-8047,2020152,Engineer
Zara,L,Mowne,170-866-1266,2020155,Engineer
Diego,,Urwen,477-690-1946,2020163,Engineer
Bianka,,Hillburn,639-689-7341,2020181,Engineer
Klarika,M,Ferber,989-633-2411,2020189,Engineer
Juan,,Knightsbridge,438-259-3779,2020209,Engineer
Loralyn,G,Mapledoore,244-705-1961,2020210,Engineer
Jacki,A,Anfonsi,543-930-4153,2020213,Engineer
Katy,P,Hedling,377-298-3182,2020215,Engineer
Adamo,V,Hull,921-183-9794,2020216,Engineer
Teri,H,Leroy,302-215-9525,2020220,Engineer
Aloisia,A,Abercromby,161-901-2554,2020221,Engineer
Bobbi,R,Dike,114-307-4442,2020225,Engineer
Aguste,N,Rawsthorne,584-629-1378,2020237,Engineer
Oates,C,Joist,506-252-7627,2020251,Engineer
Rosalynd,V,Giorgioni,944-943-8938,2020286,Engineer
Madison,B,Daintrey,492-775-8064,2020298,Engineer
Granny,O,Poulsum,922-856-0673,2020309,Engineer
Jo ann,H,Fowley,106-778-0361,2020347,Engineer
Arnold,A,Simecek,834-160-8355,2020354,Engineer
Gavan,C,Bielfelt,203-325-5981,2020385,Engineer
Em,S,Ruby,205-193-4264,2020387,Engineer
Gerardo,V,Cocklie,136-540-4209,2020389,Engineer
Lara,G,Gibbons,732-129-5644,2020399,Engineer
Lorinda,L,Stannislawski,624-233-5641,2020415,Engineer
Flinn,A,Johnstone,367-573-9351,2020423,Engineer
Lion,H,Colleck,974-938-1904,2020424,Engineer
Rudie,G,Edser,991-153-9556,2020434,Engineer
Arliene,M,Scutter,308-352-3968,2020437,Engineer
Doreen,C,Woodthorpe,937-404-9116,2020440,Engineer
Corie,,Basset,570-166-1394,2020446,Engineer
Juli,H,Clare,779-375-0324,2020453,Project Leader
Jacky,E,MacKeague,864-644-0568,2020460,Engineer
Rhianon,S,Ible,149-863-8723,2020467,Engineer
Marieann,,Furminger,543-973-6208,2020468,Engineer
Roze,M,Gumary,370-730-1718,2020469,Engineer
Krissie,I,de Banke,111-548-5843,2020470,Engineer
Levey,H,Sindle,964-330-4701,2020474,Engineer
Ashia,P,Pratchett,224-409-6756,2020486,Engineer
Milt,,Glennon,661-803-1777,2020488,Engineer
Leela,G,Mulford,104-754-3922,2020489,Engineer
Brenden,V,Lipman,838-972-6284,2020500,Engineer
Tod,F,Stelli,690-850-1478,2020511,Engineer
Patin,G,Wace,227-856-7642,2020521,Engineer
Zedekiah,S,Hardwich,918-996-5201,2020525,Engineer
Hayley,S,Oxer,936-424-0584,2020529,Engineer
Truda,F,Vuitton,716-748-7805,2020538,Engineer
Eugenio,,Pike,723-639-8736,2020554,Engineer
Ray,E,Grimsdale,516-166-6444,2020564,Engineer
Lionello,B,Moreton,151-867-1684,2020565,Engineer
Raine,I,Wolfendell,866-498-1797,2020571,Project Leader
Emera,,Treuge,286-201-6720,2020583,Engineer
Isabeau,V,Schuck,699-971-6965,2020585,Engineer
Delila,B,Fergusson,137-846-7297,2020595,Engineer
Nerty,A,Tuckwood,435-536-1935,2020608,Engineer
Steve,R,Statefield,765-471-6664,2020618,Engineer
Evelyn,E,Toman,178-139-6300,2020644,Engineer
Blancha,B,Heritege,180-990-8712,2020654,Engineer
Zabrina,T,Kirman,857-912-3483,2020704,Engineer
Garrick,,Ells,926-904-6599,2020710,Project Leader
Gustavus,O,Sinclair,948-383-4213,2020719,Engineer
Jaquelyn,H,Ivain,721-367-0099,2020726,Engineer
Abba,F,Crangle,289-190-3141,2020731,Engineer
Maridel,H,Potter,825-805-4686,2020733,Engineer
Opaline,B,McAllen,491-936-6389,2020747,Engineer
Codie,R,Normanton,203-666-6650,2020751,Engineer
Roi,S,Gissing,915-113-4127,2020762,Engineer
Brenn,O,Matura,322-253-4608,2020783,Engineer
Alanna,X,Matevosian,698-991-4102,2020805,Engineer
Cristie,A,Wearn,817-545-8513,2020810,Engineer
Wally,,Naire,139-869-9260,2020842,Engineer
Kevon,D,Beachem,492-277-4960,2020844,Engineer
Beau,O,Cockton,627-373-9040,2020847,Engineer
Amity,,Sills,559-265-0209,2020863,Engineer
Herta,B,Southernwood,947-270-6603,2020868,Engineer
Benny,M,Baddow,101-191-9588,2020880,Engineer
Sherm,A,Clemmens,380-374-5623,2020886,Engineer
Veronique,L,Phillott,453-973-0786,2020887,Engineer
Von,B,Jorger,462-875-9893,2020898,Engineer
Sanson,,Dyshart,561-896-1451,2020942,Engineer
Roxine,,Duthie,813-562-0784,2020950,Engineer
Cesar,T,Soaper,561-828-5365,2020973,Engineer
Merv,,Braney,899-811-7652,2020975,Mission Leader
Verna,A,Kingdon,718-610-6787,2020986,Engineer
Diann,R,Gerssam,333-272-7140,2020988,Engineer
Tara,E,Jeafferson,237-612-7098,2020996,Engineer
Kenna,B,Dulake,457-386-8128,2021007,Engineer
Trix,L,Bear,660-953-0773,2021039,Engineer
Bastian,M,Ketchell,991-476-3209,2021062,Engineer
Oberon,,Shannon,425-503-9413,2021073,Engineer
Melisenda,,Lapping,467-144-6015,2021081,Engineer
Tabb,S,Petrasso,859-620-8144,2021082,Engineer
Caresse,O,Biever,294-674-5420,2021091,Engineer
Law,N,Tremayne,204-976-4285,2021112,Engineer
Nesta,R,McMahon,300-982-6469,2021132,Engineer
Bertina,B,Frowing,563-641-9488,2021141,Engineer
Itch,H,Laidel,304-418-8747,2021153,Engineer
Collete,,Tofts,102-840-3556,2021154,Engineer
Estelle,A,Saltman,809-846-2415,2021159,Engineer
Amory,L,Biesterfeld,587-523-4570,2021167,Engineer
Tiena,L,Spykins,344-930-7950,2021168,Engineer
Dalenna,,Tremblet,501-967-8514,2021200,Project Leader
Petr,L,Paroni,208-590-9578,2021214,Engineer
Dacie,B,Liley,415-262-6560,2021216,Engineer
Barnett,H,Staley,621-189-8219,2021219,Engineer
Bernadette,X,Artindale,929-237-8030,2021225,Engineer
Neely,X,Sidwell,785-284-8792,2021226,Engineer
Alidia,D,McKim,219-444-9286,2021238,Engineer
Tommi,H,Stiff,411-734-5920,2021273,Engineer
Nat,D,Duly,597-608-3150,2021291,Engineer
Aloysius,,Kleinlerer,759-725-8599,2021298,Engineer
Tabitha,B,Leonardi,874-883-5042,2021310,Engineer
Leicester,F,McPhilip,151-928-2575,2021317,Engineer
Cross,I,Erat,576-308-0768,2021325,Engineer
Lynde,F,Dreger,523-977-6644,2021328,Engineer
Grier,A,Matthewson,323-209-4212,2021340,Engineer
Pierce,L,Knott,469-513-5453,2021344,Engineer
Lucius,M,Punchard,876-473-9920,2021346,Project Leader
Margit,A,Lowndsbrough,837-258-2770,2021349,Project Leader
Reuben,A,Searl,355-110-0035,2021369,Engineer
Alphonso,V,Duffrie,290-600-2299,2021371,Engineer
Erv,G,Artz,655-149-6190,2021374,Engineer
Marcel,E,Stainson,102-739-0851,2021377,Project Leader
Tom,O,Arnaldy,889-405-1615,2021379,Engineer
Rudie,N,Gulland,570-500-5713,2021386,Engineer
Demeter,,Wafer,710-616-5905,2021397,Engineer
Estrellita,R,Gutans,471-136-2137,2021405,Engineer
Karisa,C,Pipworth,124-841-5509,2021438,Engineer
Annabela,D,Malter,354-193-7918,2021449,Engineer
Halette,G,Bunt,152-501-7441,2021480,Engineer
Hillary,P,Elvin,674-901-1795,2021482,Engineer
Joanna,N,Bwye,245-705-9637,2021507,Engineer
Gilligan,B,Fayter,184-626-2729,2021511,Engineer
Merilee,L,Balle,231-871-7493,2021528,Engineer
Prudy,R,Jiggle,818-811-0574,2021561,Engineer
Mela,B,Frusher,386-961-9878,2021600,Engineer
Gwenni,,Bridie,658-841-5961,2021601,Engineer
Deb,,Backhouse,305-496-5184,2021610,Engineer
Daron,,McMurraya,426-657-7494,2021621,Engineer
Patrizius,B,Bodham,756-954-9670,2021628,Engineer
Rosanna,D,MacNulty,145-845-1565,2021641,Engineer
Reider,C,Gilpin,779-721-0152,2021655,Engineer
Shaughn,B,Edling,957-329-5603,2021657,Engineer
Melantha,M,Robun,195-990-9758,2021682,Engineer
Mitchel,F,Hoggins,938-712-5708,2021689,Engineer
Ralina,A,Croster,441-883-1302,2021690,Engineer
Melly,D,Bickerdyke,152-602-6533,2021704,Engineer
Tybi,N,Friedenbach,796-767-2284,2021706,Engineer
Rockwell,V,McCreary,978-412-9302,2021709,Engineer
Joelie,R,Macauley,986-183-4913,2021711,Engineer
Perren,R,Whitty,150-402-4881,2021715,Engineer
Stephi,L,Luetchford,887-922-1517,2021729,Engineer
Cordie,D,Slatter,690-940-6373,2021752,Engineer
Foss,A,Kochel,719-681-1044,2021753,Engineer
Yoko,O,Allchin,561-727-1356,2021760,Engineer
Ailina,S,Collingham,736-458-0547,2021773,Engineer
Gerry,,Beardshall,173-221-2466,2021775,Project Leader
Base,O,Newell,159-415-9548,2021776,Engineer
Cassie,D,Braben,559-823-0117,2021781,Engineer
Ainslee,C,Barnfield,258-817-1194,2021783,Engineer
Jania,,Lindroos,598-154-5573,2021789,Engineer
Florrie,F,Calkin,957-407-1047,2021809,Engineer
Frazier,L,Bearns,145-576-3540,2021831,Engineer
Allx,E,Ritmeyer,756-270-6222,2021832,Engineer
Isidro,X,Leydon,737-143-5008,2021842,Engineer
Rossie,D,Aim,243-883-2370,2021848,Engineer
Kyrstin,,Beake,414-843-5422,2021866,Engineer
Ines,L,Southcoat,483-401-0697,2021867,Engineer
Rhoda,G,Pauletti,996-845-2910,2021881,Engineer
Laura,T,Skryne,916-680-0941,2021885,Engineer
Keary,N,Lucus,997-997-0310,2021901,Engineer
Evelina,,McElvine,921-393-2084,2021912,Engineer
Griswold,E,Deboick,516-923-0100,2021925,Engineer
Myrah,E,McAuliffe,769-596-7560,2021932,Engineer
Alano,T,Badsey,712-758-8122,2021948,Engineer
Bobina,S,Pratley,953-669-3497,2021958,Engineer
Jayson,,Chadney,768-307-4153,2021975,Engineer
Nanice,,Oxby,971-974-3786,2021981,Engineer
Chiquia,S,Rapa,321-376-2460,2021986,Engineer
Vilhelmina,G,McCormack,845-624-1446,2021991,Engineer
Wini,,Gary,219-857-1179,2021993,Engineer
Corabelle,R,Cromwell,479-849-6920,2022000,Engineer
Codi,B,Sudlow,405-856-4576,2022011,Engineer
Dora,O,Masdin,993-206-4405,2022015,Engineer
Kassi,G,Roussell,993-292-9326,2022024,Engineer
Elane,G,Cammocke,941-834-8995,2022051,Engineer
Antonio,,Jeannequin,701-884-5541,2022060,Engineer
Cal,,Janicijevic,381-646-0714,2022064,Engineer
Kassey,C,Sturdgess,640-650-8011,2022097,Engineer
Toby,,Peris,236-501-7346,2022109,Engineer
Rosamond,P,Exer,655-982-7815,2022111,Engineer
Blinny,,Cubbino,585-959-5790,2022127,Engineer
Petronia,L,Goseling,322-331-0478,2022143,Engineer
Dani,D,Gorch,127-764-1631,2022146,Engineer
Astra,,Colrein,122-198-9828,2022157,Engineer
Josee,T,Clyburn,850-414-9483,2022158,Engineer
Evelyn,E,Rebillard,137-634-4286,2022160,Engineer
Dolley,I,Waterhouse,124-399-0176,2022165,Engineer
Mabelle,H,MacComiskey,924-828-3044,2022167,Engineer
Zachary,,Jammet,130-470-0533,2022177,Engineer
Dietrich,L,MacIlriach,164-911-4359,2022196,Engineer
Martita,L,Cicco,222-141-5919,2022201,Engineer
Catie,T,Keegan,748-813-4585,2022205,Engineer
Bianca,V,Hendren,142-813-8752,2022206,Engineer
Robinette,H,Carrol,812-181-3467,2022221,Engineer
Tally,T,Chieco,925-515-8310,2022228,Engineer
Fawn,,Charnock,764-119-2628,2022245,Engineer
Terese,N,Orvis,884-291-0617,2022246,Engineer
Marcelle,G,Ebertz,798-964-6015,2022264,Engineer
Maressa,B,Dannett,919-428-0058,2022268,Engineer
Caresa,F,Arkin,646-945-5876,2022290,Engineer
Camey,L,Godin,849-893-8271,2022309,Engineer
Ferdinand,M,Heggman,924-695-8050,2022317,Engineer
Bee,,Thomesson,211-258-7033,2022332,Engineer
Catlee,X,Guilloux,654-977-5958,2022334,Engineer
Adiana,M,Idiens,534-246-4083,2022340,Engineer
Tim,,Reditt,303-812-1628,2022369,Engineer
Ximenez,T,Yurkov,496-678-9795,2022387,Engineer
Nadia,,Darke,944-500-4518,2022391,Engineer
Mara,M,Oakenfield,578-972-2212,2022398,Engineer
Dalt,,Demcik,663-941-5442,2022403,Engineer
Wenda,R,McLice,391-386-4854,2022408,Engineer
Woodie,,Cadreman,266-908-9432,2022422,Engineer
Hasheem,N,Vahl,867-268-1289,2022478,Engineer
Whitman,M,Medlar,420-591-2324,2022497,Engineer
Carmencita,F,Betham,839-924-5114,2022503,Engineer
Arv,C,Slany,169-323-7041,2022510,Engineer
Yankee,,Reijmers,871-664-4897,2022525,Engineer
Wallas,C,Gowry,569-706-8984,2022537,Engineer
Marcelo,E,Bothe,168-309-3770,2022550,Engineer
Nathan,,Gostyke,883-608-0835,2022557,Engineer
Heall,C,O'Scandall,601-955-8438,2022560,Engineer
Ambros,V,Sumpner,384-330-6603,2022562,Engineer
Tann,F,Parken,956-193-8933,2022585,Engineer
Budd,C,Jecock,693-573-4703,2022593,Engineer
Jonah,P,Joicey,641-795-1385,2022596,Engineer
Fania,,Risbie,624-316-6460,2022613,Engineer
Toddie,G,Longdon,220-254-6124,2022625,Engineer
Carolann,,Worsfield,127-945-8092,2022631,Engineer
Yorgo,F,Danson,204-574-1054,2022653,Engineer
Violette,C,Dibbe,729-175-1415,2022665,Engineer
Noni,,Janaud,186-419-1875,2022703,Engineer
Alica,V,Greenrodd,935-544-5523,2022713,Engineer
Nissy,F,Tippetts,232-767-2566,2022733,Engineer
Thalia,N,Rodwell,326-851-5033,2022737,Engineer
Veradis,H,Warby,483-318-9681,2022740,Engineer
Berny,P,Humphris,499-238-3848,2022742,Engineer
Britney,C,Webster,876-360-3438,2022754,Engineer
Bentley,,Showl,891-566-0638,2022772,Engineer
Derrek,D,Villa,416-971-2396,2022774,Engineer
Marjory,E,Derby,521-251-1006,2022775,Engineer
Erv,M,Heigho,744-628-4760,2022784,Engineer
Michaelina,A,Reside,626-594-3739,2022787,Engineer
Earl,A,Biggins,595-937-5120,2022805,Engineer
Oswell,E,Beeke,705-260-5304,2022844,Engineer
Isacco,M,Bradane,458-733-4904,2022860,Engineer
Agnola,S,Emblin,544-217-8492,2022864,Engineer
Wally,T,Staterfield,509-502-0854,2022902,Engineer
Rod,H,Jiggen,866-975-2415,2022913,Engineer
Ellette,I,Daniaud,589-660-8478,2022921,Engineer
Kellsie,O,Gilli,238-797-0100,2022923,Engineer
Eziechiele,O,Raikes,973-463-7176,2022941,Engineer
Chrissie,T,Darch,293-655-7234,2022942,Project Leader
Val,E,Youde,999-593-5912,2022945,Engineer
Bennie,,Noquet,280-169-2097,2022956,Engineer
Rebeka,S,Hambling,312-373-4043,2022960,Engineer
Jody,O,Kelsall,785-509-1602,2022963,Engineer
Thekla,,Pears,699-918-9438,2022970,Engineer
Eziechiele,I,St Louis,327-254-3337,2022977,Engineer
Nananne,A,Tyre,836-403-1870,2022984,Engineer
Pedro,F,Hartshorne,811-999-4733,2022999,Engineer
Bertram,I,Greenrde,498-655-0942,2023002,Engineer
Aundrea,T,Caldecot,396-735-0262,2023006,Engineer
Dorisa,,Gatfield,976-775-4822,2023011,Engineer
Darbie,X,Drake,719-687-2021,2023019,Engineer
Terrance,V,Gianilli,944-421-3194,2023032,Engineer
Raimondo,,Kohtler,453-420-4170,2023034,Engineer
Emelda,T,Blowes,682-279-6744,2023043,Engineer
Lorinda,I,Rawdall,385-358-0966,2023059,Engineer
Nadya,H,Bier,368-308-7465,2023061,Engineer
Uriel,B,Fawdry,496-258-9629,2023072,Engineer
Leora,,Feld,309-773-2907,2023077,Engineer
Florie,N,Blader,455-735-5888,2023081,Engineer
Reggy,G,Yannikov,922-553-2687,2023107,Engineer
Corella,C,Edger,193-302-7458,2023115,Engineer
Trefor,C,Moodycliffe,585-525-9505,2023123,Engineer
Ceciley,R,Filyukov,460-930-5757,2023130,Engineer
Krista,L,Buff,992-679-9393,2023144,Engineer
Renate,,Rodie,272-933-7008,2023147,Engineer
Farr,H,Buckel,712-787-7841,2023151,Engineer
Celeste,R,Barfield,752-389-5451,2023168,Engineer
Olia,A,Nutley,702-439-8942,2023176,Engineer
Adlai,O,Craise,433-381-4278,2023187,Engineer
Flory,,Found,645-236-0249,2023193,Engineer
Laurence,L,Easeman,756-758-2989,2023195,Engineer
Riva,,Owlner,364-994-4801,2023213,Engineer
Fowler,,Ralph,844-780-1413,2023224,Engineer
Franky,L,Prevett,858-707-4440,2023235,Engineer
Gillie,N,Schwandner,402-104-3883,2023246,Engineer
Emilio,R,Lammin,947-985-4308,2023256,Engineer
Brett,X,Cage,407-143-1674,2023269,Engineer
Brok,R,Gleaves,768-417-0159,2023290,Engineer
Konstanze,,Maylott,727-419-6692,2023293,Engineer
Avril,C,Ciccotti,214-382-8105,2023298,Engineer
Milli,C,Leatham,745-465-8475,2023302,Engineer
Temp,T,Mably,279-579-8044,2023307,Engineer
Cully,D,Brideoke,265-397-9645,2023323,Engineer
Angelle,D,Bener,683-830-9835,2023328,Engineer
Any,E,Cauldwell,537-116-6460,2023342,Engineer
Sybila,L,Thunderman,384-153-1483,2023347,Engineer
Allard,F,Bowell,434-294-3277,2023360,Engineer
Zed,,Spain-Gower,224-749-5647,2023372,Engineer
Gabi,P,Illing,324-192-2773,2023387,Engineer
Rodrick,H,Ranshaw,808-832-5209,2023391,Project Leader
Yorgo,X,McColm,327-122-3303,2023416,Engineer
Toiboid,D,Edlin,692-481-3532,2023449,Engineer
Natassia,I,O'Logan,370-705-0016,2023460,Engineer
Idelle,,Creaven,779-437-8929,2023464,Engineer
Wyndham,G,Larvin,605-477-2893,2023476,Engineer
Avictor,A,Skiplorne,378-218-0452,2023485,Engineer
Jervis,O,Bowater,913-831-3205,2023490,Engineer
Latia,,Raggatt,326-514-2960,2023492,Engineer
Ashlee,A,Gavey,860-698-7203,2023521,Engineer
Anet,M,Montrose,296-851-8658,2023531,Engineer
Rob,G,Galgey,453-612-8746,2023545,Engineer
Jaimie,T,O'Lenechan,445-455-9090,2023554,Engineer
Lilith,,Simeoli,734-199-7619,2023561,Engineer
Cynthy,E,Awton,484-924-2939,2023562,Engineer
Gwyneth,,McInnery,615-198-6487,2023568,Engineer
Piggy,N,Scryne,375-253-8690,2023573,Engineer
Hagan,P,Ruddiman,824-694-1956,2023575,Engineer
Arvy,,Shortall,824-483-2050,2023576,Engineer
Bobby,P,Bransom,629-454-1548,2023604,Engineer
Rosemaria,,Baton,277-959-5823,2023606,Engineer
Percy,H,Hugonin,284-769-2781,2023625,Engineer
Bellina,X,Oldroyde,126-219-4363,2023630,Engineer
Desi,,Shimoni,997-780-9991,2023632,Engineer
Hailey,A,Hendin,342-955-8939,2023635,Engineer
Angelle,R,Digman,595-919-2469,2023668,Engineer
Fawnia,S,Edge,133-381-6152,2023670,Engineer
Egor,O,Idle,864-982-9882,2023671,Engineer
Andreas,B,Schwieso,258-217-7597,2023674,Engineer
Sondra,T,Buckle,756-760-3299,2023676,Engineer
Maris,M,Donavan,157-428-5238,2023683,Engineer
Mair,T,Letchford,163-524-0688,2023699,Engineer
Willow,H,Bruton,747-850-7979,2023709,Engineer
Janet,I,Falcus,616-442-5614,2023710,Engineer
Uriah,N,Hanscom,638-613-1568,2023712,Engineer
Reggie,V,Simner,777-465-4831,2023720,Engineer
Christabel,H,Simeone,860-376-3654,2023724,Engineer
Eyde,R,Kordovani,165-813-9383,2023748,Engineer
Thadeus,V,Ferrarini,483-180-7643,2023752,Engineer
Dermot,C,Towey,157-354-6695,2023775,Engineer
Pancho,C,Leonard,508-664-1445,2023782,Engineer
Crystal,P,Duval,833-308-2872,2023788,Engineer
Gib,T,Hallwood,537-688-1630,2023802,Engineer
Kalinda,I,Synnot,584-412-9812,2023813,Engineer
Joyous,A,Rennick,728-373-6121,2023832,Engineer
Nana,E,Ilymanov,281-178-6425,2023837,Engineer
Morley,B,Jentin,954-591-1612,2023839,Engineer
Dory,T,Yellowlea,125-667-4253,2023849,Engineer
Leann,M,Clubley,335-647-2116,2023851,Engineer
Brand,L,Van der Spohr,905-805-5393,2023884,Engineer
Arlena,,Wolfarth,477-168-7101,2023885,Engineer
Sheela,X,Kitchaside,689-910-7205,2023891,Engineer
Maximo,V,Crebo,615-268-1477,2023897,Engineer
Persis,P,Bodycomb,538-258-8781,2023902,Engineer
Miguelita,,Weatherhead,233-819-4840,2023908,Engineer
Devland,,Buterton,976-759-3522,2023925,Engineer
Otto,,Hardiker,192-465-6574,2023931,Engineer
Olivier,T,Smalles,449-232-2054,2023934,Engineer
Dell,F,Woodrow,414-947-4988,2023942,Engineer
Hilly,,Ivakin,464-891-5445,2023946,Engineer
Fields,P,Borgne,284-451-4809,2023958,Engineer
Porter,,Given,467-475-2989,2023981,Engineer
Nola,G,Dangerfield,266-577-9061,2023995,Engineer
Rivkah,C,Crocket,677-731-7279,2023999,Engineer
Marleen,N,McCooke,990-923-0449,2024000,Engineer
Bernie,V,Guilayn,469-975-8565,2024005,Engineer
Jephthah,M,Eldin,286-923-5273,2024021,Engineer
Elise,G,Eggleson,202-175-9579,2024022,Engineer
Angy,M,Belchamber,108-274-8499,2024024,Engineer
Douglass,,Pullman,527-670-4864,2024042,Engineer
Tracey,,Duckett,318-122-6571,2024043,Engineer
Jesse,G,Vedishchev,873-907-3987,2024044,Engineer
Petra,E,Attenbrow,139-823-3458,2024049,Engineer
Tatiania,N,Mellers,430-617-8252,2024051,Engineer
Alistair,,Adney,699-992-4671,2024073,Mission Leader
Quinn,D,Triplow,234-446-5168,2024090,Engineer
Aubrey,M,Kindleside,775-153-5673,2024093,Engineer
Dalli,I,Benyan,256-300-7745,2024095,Engineer
Ginnie,H,Eaglesham,974-584-0085,2024105,Engineer
Terese,,Ellinor,470-456-2408,2024109,Engineer
Liv,,Simmank,858-935-9965,2024144,Engineer
Lyndell,L,Haborn,124-302-9704,2024157,Engineer
Gwyneth,N,Sacco,656-334-0227,2024176,Engineer
Aldo,,Tidcombe,981-701-2293,2024178,Engineer
Nikolaus,,Schapiro,858-163-3844,2024204,Engineer
Ashby,E,Lathy,546-293-0734,2024207,Engineer
Melinda,M,Mailey,188-621-1198,2024209,Engineer
Harvey,X,Varnals,838-328-4793,2024219,Engineer
Genovera,R,Hayland,621-949-8561,2024240,Engineer
Jaymie,E,Huws,276-638-6068,2024243,Engineer
Amye,V,Birdall,526-753-2551,2024248,Engineer
Marney,V,Peasgood,432-464-0566,2024258,Engineer
Witty,F,Worboys,634-227-3052,2024274,Engineer
Carlynn,G,Walch,116-236-2299,2024279,Engineer
Felecia,F,Sanpere,313-357-2168,2024350,Engineer
Genevieve,I,Fountaine,989-537-6888,2024351,Engineer
Arleen,O,Binder,421-226-4399,2024374,Engineer
Gussie,,Laydon,375-839-7593,2024387,Engineer
Meier,O,Riepel,790-257-3505,2024388,Project Leader
Valli,S,Barter,630-709-3288,2024395,Engineer
Ryley,F,Mingauld,376-162-9883,2024399,Engineer
Courtnay,C,Morrallee,110-705-0276,2024411,Engineer
Cobb,,Bolens,370-907-7347,2024421,Engineer
Caspar,,Gorgler,952-859-9249,2024442,Engineer
Richart,I,Pomfrey,719-500-1059,2024447,Engineer
Marjy,T,Rubenov,290-144-5327,2024449,Engineer
Tersina,O,Scamp,373-599-6778,2024469,Engineer
Jarad,C,Bushe,329-770-2380,2024473,Engineer
Catherin,L,Martinolli,452-722-9042,2024500,Engineer
Aliza,O,Antusch,762-826-6171,2024504,Engineer
Dru,,Tredwell,741-121-5291,2024505,Engineer
Elbertina,R,Malby,511-697-4493,2024534,Engineer
Magdalene,D,Agdahl,632-643-1076,2024542,Engineer
Armand,P,Hellewell,215-247-8874,2024575,Engineer
Mayne,V,Ashmore,316-834-6328,2024576,Engineer
Suellen,X,Lackington,260-325-5125,2024591,Engineer
Miran,G,Totterdell,683-932-3260,2024602,Engineer
Tansy,B,Alekhov,929-858-9163,2024621,Engineer
Chet,G,Stanlick,163-472-8621,2024648,Engineer
Karl,L,Demonge,231-216-2741,2024653,Engineer
Aleda,N,Loachhead,921-357-8428,2024672,Engineer
Dawn,S,O'Driscole,463-549-6598,2024678,Engineer
Kaylee,P,Pfeifer,117-642-2583,2024684,Engineer
Gena,A,Tatford,422-705-6719,2024699,Engineer
Chauncey,V,Strutt,122-639-5225,2024712,Engineer
Glori,B,Balam,941-454-8335,2024720,Engineer
Jameson,A,Merrall,990-347-6466,2024737,Engineer
Hi,S,Hackey,643-725-9745,2024758,Engineer
Aili,O,Bellord,266-281-3405,2024761,Engineer
Bjorn,,MacAdam,562-735-6790,2024762,Engineer
Alyce,D,Spikins,895-417-8997,2024771,Engineer
Afton,S,Regis,916-779-8902,2024777,Engineer
Filide,S,Philpot,820-249-3657,2024799,Engineer
Lavena,S,Dagnall,673-464-4041,2024800,Engineer
Orville,,Tommen,890-384-0564,2024804,Engineer
Hedvige,,Strathdee,125-437-9117,2024815,Engineer
Jorey,O,Crake,190-756-1616,2024831,Engineer
Henrieta,B,Woan,926-431-2915,2024837,Engineer
Tobie,F,Hintze,482-984-6497,2024846,Engineer
Gery,V,Durrand,547-414-8739,2024861,Engineer
Malissia,T,Gyves,406-853-5906,2024873,Engineer
Arty,C,Rosel,737-921-0145,2024892,Engineer
Oriana,H,Heavens,619-678-9306,2024895,Engineer
Corine,S,Derbyshire,349-617-1706,2024897,Engineer
Berkie,X,Bohje,350-375-9139,2024898,Engineer
Bunny,F,Pina,440-936-3694,2024912,Engineer
Jodie,D,Helian,189-225-3246,2024953,Engineer
Sharai,E,Gherardini,788-328-1829,2024972,Engineer
Ethyl,P,Hackney,237-808-9520,2024983,Engineer
Pyotr,C,Gamlin,110-741-8383,2024993,Engineer
Maridel,M,Iohananof,912-981-2612,2025005,Mission Leader
Falkner,F,Beveredge,133-274-1883,2025048,Engineer
Armand,G,Mallaby,908-410-0862,2025054,Engineer
Osborn,E,Thundercliffe,878-322-7070,2025079,Engineer
Ogdan,T,Manford,507-137-4171,2025080,Engineer
Shaun,,Cabedo,676-594-5111,2025081,Engineer
Lilly,I,Wallen,259-705-5996,2025082,Engineer
Finley,F,Howsley,713-400-8351,2025085,Engineer
Adelice,T,Maron,545-392-3182,2025098,Engineer
Humfried,M,Muggleston,735-407-9229,2025103,Engineer
Hollyanne,,Dearle,204-369-1032,2025111,Engineer
Ernest,I,Jore,652-637-4184,2025125,Engineer
Roobbie,L,Pretsel,492-291-7694,2025129,Engineer
Jarib,C,Smaling,413-496-6556,2025132,Engineer
Eldon,T,Coronado,776-866-5720,2025133,Engineer
Sharl,V,Broxholme,126-101-3644,2025143,Engineer
Audra,L,Rickaert,572-811-1337,2025148,Engineer
Chrissie,C,Demcak,159-116-6104,2025164,Engineer
Kurt,V,Copner,845-739-7551,2025170,Engineer
Boonie,V,Berka,957-635-2061,2025188,Engineer
Bendite,N,McNulty,868-956-7565,2025196,Engineer
Fredelia,,Pulman,251-394-1202,2025221,Engineer
Carleen,G,Threadgold,782-756-0930,2025225,Engineer
Milton,L,Perel,815-247-5425,2025226,Engineer
Norri,,Kingsnod,883-409-5381,2025227,Engineer
Hildagarde,R,Choldcroft,666-604-5537,2025233,Engineer
Lovell,A,Gaylord,922-463-0512,2025242,Engineer
Shanan,O,Frame,306-247-0062,2025243,Engineer
Jessee,,D'Antonio,407-687-1869,2025250,Engineer
Mame,N,Lillyman,415-855-8576,2025274,Engineer
Mercie,X,Yearron,877-500-1349,2025278,Engineer
Stephani,T,Stutter,607-353-8618,2025284,Engineer
Claus,S,Ruff,808-103-1590,2025294,Engineer
Odelle,,Pride,970-702-5350,2025299,Engineer
Allianora,N,Maw,290-494-8907,2025330,Engineer
Fredra,,Shavel,983-844-6136,2025346,Engineer
Bay,G,Henstone,846-642-3781,2025378,Engineer
Adele,M,Shimmings,912-889-5826,2025382,Engineer
Edeline,D,Nehl,724-255-7105,2025393,Engineer
Munmro,S,Tingley,413-130-5528,2025406,Engineer
Lou,G,Hansel,268-626-7995,2025459,Engineer
Izak,G,Moores,889-633-2102,2025461,Engineer
Madalena,,Torri,660-864-5508,2025471,Engineer
Hasheem,H,Steade,744-171-0329,2025477,Engineer
Sayers,,McShirie,453-557-0986,2025492,Engineer
Holden,,Campsall,493-805-2809,2025499,Engineer
Lila,O,McGerraghty,822-191-8786,2025523,Engineer
Lilyan,A,Luchelli,658-788-9964,2025537,Engineer
Fredek,R,Tustin,567-546-2752,2025547,Engineer
Josh,P,Norledge,168-443-8914,2025563,Engineer
Ermentrude,N,Muckleston,961-806-2659,2025576,Engineer
Gare,S,Beavington,531-338-3518,2025584,Engineer
Dot,M,Dalziel,441-980-9978,2025587,Engineer
Elisabetta,,Dominique,191-720-8579,2025659,Project Leader
Franklyn,M,Casewell,359-808-1604,2025664,Engineer
Roxie,S,Garrod,728-665-9739,2025676,Engineer
Lovell,N,Elldred,313-319-6315,2025691,Engineer
Findlay,,Montel,583-997-2795,2025696,Engineer
Moselle,T,Bute,288-196-3983,2025701,Engineer
Zitella,F,Brusle,367-828-4049,2025703,Engineer
Waneta,M,Brotherheed,892-980-8229,2025716,Project Leader
Jacinda,S,Valente,222-690-6552,2025722,Engineer
Way,,Bullivant,471-449-2354,2025728,Engineer
Tad,,McVeagh,701-810-5272,2025751,Engineer
Zaccaria,R,Vassall,342-123-2279,2025755,Engineer
Hall,X,Hilhouse,426-216-7598,2025757,Engineer
Burr,L,Sineath,872-576-4661,2025780,Engineer
Cassius,,Campsall,859-260-5755,2025781,Engineer
Ruperto,F,Makiver,204-203-3144,2025784,Engineer
Jonis,C,Dugan,667-329-6419,2025792,Engineer
Feodora,,Kroger,193-540-4939,2025798,Engineer
Judye,X,Pawel,240-627-8745,2025806,Engineer
Maje,R,Forestel,358-316-0054,2025817,Engineer
Yolanthe,A,Garcia,878-906-7291,2025826,Engineer
Erin,G,Roff,239-783-7232,2025834,Engineer
Tobe,C,Ratchford,447-422-1346,2025855,Engineer
Sayre,L,Izkovici,718-168-0017,2025866,Engineer
Blair,,Daughtery,425-598-3773,2025882,Engineer
Celestine,,Fremantle,613-859-7008,2025897,Engineer
Tildie,O,Weedenburg,558-954-9990,2025904,Engineer
Izzy,D,Baggallay,539-871-1367,2025953,Engineer
Pat,B,Gyver,353-330-0980,2025956,Engineer
Rosmunda,H,Cowern,846-576-7660,2025957,Engineer
Rhetta,X,Bleacher,865-232-0512,2025972,Engineer
Gordie,,Paunsford,603-967-9156,2026000,Engineer
Marietta,T,Jessep,885-632-7661,2026005,Engineer
Monika,N,Rosenblatt,779-237-8879,2026022,Engineer
Ginny,F,Kopje,663-379-4596,2026024,Engineer
Gerrie,D,Roxbrough,448-592-6091,2026031,Engineer
Ester,,Shefton,108-105-0591,2026040,Engineer
Alister,F,Lambole,578-981-7519,2026045,Engineer
Joeann,,Swannick,232-201-6418,2026065,Engineer
Bettine,M,Beckworth,896-295-5594,2026067,Engineer
Matthiew,M,Doberer,452-432-2907,2026082,Engineer
Shoshanna,O,Guilloux,172-528-4577,2026090,Engineer
Damien,S,Greenway,727-169-7090,2026095,Project Leader
Glynn,,Tant,148-981-3017,2026102,Engineer
Munmro,O,Handscomb,791-189-7941,2026104,Engineer
Thom,R,Birth,229-587-2387,2026108,Engineer
Viviana,E,Edgars,336-404-6052,2026127,Engineer
Creighton,,Cicchillo,883-481-9333,2026130,Engineer
Rivy,V,Panas,971-163-7251,2026140,Engineer
Benedicto,B,Mirfield,852-352-8861,2026152,Engineer
Mischa,E,Lavender,736-639-8213,2026182,Engineer
Patrice,,Garner,203-841-1865,2026196,Engineer
Amie,T,Callam,330-381-0860,2026204,Engineer
Winne,,Havvock,141-389-2803,2026223,Engineer
Jeffie,T,Athey,246-353-3170,2026228,Engineer
Deidre,B,Glyssanne,199-245-8886,2026231,Engineer
Charlotta,,Eighteen,876-901-6455,2026237,Engineer
Gil,F,Sneath,620-758-1567,2026242,Engineer
Benedicto,V,Crust,772-974-0617,2026248,Engineer
Roddy,V,Grinham,245-255-8420,2026278,Engineer
Lyndel,B,Coyish,676-189-8721,2026283,Engineer
Dani,,Scotter,443-203-0498,2026305,Engineer
Peder,S,Bunner,645-178-8667,2026314,Engineer
Ernest,V,Crofts,883-878-4569,2026316,Engineer
Jacki,,Gerrey,522-351-8785,2026317,Engineer
Lebbie,G,Semechik,109-522-7284,2026328,Engineer
Delores,N,Flipsen,789-154-8687,2026339,Engineer
Nellie,S,Berridge,715-583-1668,2026372,Engineer
Codie,,Esel,154-548-9975,2026385,Engineer
Britney,D,Horstead,583-939-1734,2026386,Engineer
Federico,L,Craister,817-722-0157,2026391,Project Leader
Kevina,,Degan,780-260-1184,2026396,Engineer
Shayla,I,Blennerhassett,931-422-9058,2026409,Engineer
Mikaela,,Hercock,518-642-6283,2026437,Engineer
Sarine,I,Hedylstone,174-268-6563,2026458,Engineer
Elisabetta,O,Ruddlesden,117-905-4475,2026466,Engineer
Helaina,X,Nisard,375-414-3352,2026485,Engineer
Alyda,D,Gronow,696-138-0196,2026491,Engineer
Glen,,Scutching,510-784-9878,2026502,Engineer
Nikoletta,V,Tomson,326-713-7734,2026517,Engineer
Rand,L,Spencook,362-930-4216,2026545,Engineer
Shari,A,Kemetz,155-988-9017,2026557,Engineer
Madlin,T,Barti,211-385-5925,2026566,Engineer
Matteo,X,Blankley,568-375-4007,2026576,Engineer
Earvin,E,Gadman,419-911-6939,2026581,Engineer
Sully,M,Scraggs,748-538-8362,2026604,Engineer
Ansell,,Boole,282-873-2933,2026612,Engineer
Trever,O,Beentjes,311-413-2986,2026645,Engineer
Sissie,H,Kliche,700-578-2190,2026650,Engineer
Lacee,V,Eisikowitch,841-697-9974,2026664,Engineer
Boniface,L,Banbrigge,668-480-7999,2026690,Engineer
Jackie,T,Greser,493-898-7657,2026700,Engineer
Alphonse,A,Perring,355-499-9523,2026711,Engineer
Aleda,E,Castleman,950-273-2700,2026720,Engineer
Dorothee,A,Brisland,267-773-1225,2026727,Engineer
Fleur,M,Copnell,851-513-7120,2026738,Engineer
Hillary,F,Vittel,264-210-5686,2026748,Mission Leader
Stanley,A,Sillito,633-516-4503,2026774,Engineer
Lorrin,S,MacCallam,732-972-6640,2026778,Engineer
Morgen,L,Cleynaert,642-372-3880,2026781,Engineer
Lief,D,Etoile,804-814-5354,2026803,Engineer
Alexis,F,Dawbery,171-121-1002,2026804,Engineer
Isabeau,B,Manes,591-124-2241,2026810,Engineer
Sula,L,Bonafant,768-948-0319,2026815,Engineer
Lira,H,Pauletti,558-117-9589,2026826,Engineer
Helaina,V,Emmatt,123-688-1201,2026840,Engineer
Devlin,V,Caswall,121-337-4651,2026855,Engineer
Dale,N,Cortin,323-536-6829,2026857,Engineer
Reggis,X,Wavell,976-740-5156,2026862,Engineer
Trefor,P,Woodwin,366-276-7539,2026872,Engineer
Charil,C,Putterill,144-782-9300,2026880,Engineer
Delmore,T,Burthom,957-549-4618,2026883,Engineer
Rutledge,,Rosendorf,717-825-5067,2026885,Engineer
Guy,O,Tolussi,656-254-7437,2026886,Engineer
Bax,N,Braddon,682-930-8411,2026891,Engineer
Grethel,E,Sabbin,922-641-9244,2026911,Engineer
Grantley,,Spinas,714-248-7198,2026912,Engineer
Hilarius,R,Measen,453-486-0115,2026931,Engineer
Sidonnie,A,Permain,860-353-9882,2026944,Engineer
Kaela,B,Stooders,263-714-1420,2026947,Engineer
Trish,C,Bridden,221-673-2717,2026957,Engineer
Hi,F,Figin,538-584-3055,2026979,Mission Leader
Waldemar,V,Spottswood,647-151-3662,2026983,Engineer
Dall,,Kelk,535-379-2654,2026985,Engineer
Yoshiko,,Yard,388-460-2693,2026999,Engineer
Tabatha,X,Bosket,872-402-1404,2027008,Engineer
Debora,D,Jaggard,369-704-3402,2027014,Engineer
Edith,P,Betke,384-745-5237,2027034,Engineer
Donni,I,Senogles,160-886-8988,2027041,Engineer
Meggy,E,Pumfrey,328-305-7736,2027060,Engineer
Ruddy,E,Bertolin,314-477-4906,2027071,Engineer
Mike,C,Crippen,845-843-1568,2027078,Project Leader
Hedvig,A,Blanchard,715-243-1639,2027079,Engineer
Amanda,,Scanlan,609-889-7486,2027094,Engineer
Dorena,,Wiggall,967-673-1846,2027099,Engineer
Rufe,,Jordi,599-144-4544,2027107,Engineer
Fredia,O,Hunnicutt,229-344-9614,2027116,Engineer
Lorine,S,Riseley,255-882-9377,2027118,Engineer
Nanice,H,Whellans,741-525-2922,2027122,Engineer
Niall,X,Hixson,610-886-9248,2027145,Engineer
Inga,,Sliman,679-833-4781,2027161,Engineer
Jenn,,Ambridge,701-858-4096,2027163,Engineer
Jordanna,,Jull,988-821-4474,2027166,Engineer
Dunc,L,Biggerstaff,535-869-7342,2027173,Engineer
Cosmo,,Alessandrini,429-231-3766,2027222,Engineer
Kristos,G,Pengilley,656-959-7728,2027253,Engineer
Humphrey,B,Skotcher,789-272-9725,2027259,Project Leader
Bonita,B,Lutty,882-870-3805,2027260,Engineer
Milena,M,Rosenfrucht,689-872-7764,2027281,Engineer
Mattie,L,Yakunkin,912-725-4153,2027289,Engineer
Catlee,V,Petersen,644-986-0062,2027297,Engineer
Yolanda,C,Coils,721-835-4337,2027303,Engineer
Chiquita,M,Bindin,874-444-6561,2027305,Engineer
Timothee,I,Caiger,167-208-8106,2027308,Engineer
Klemens,C,Waby,920-912-9229,2027311,Engineer
Dido,N,Shillan,691-929-2693,2027329,Engineer
Kaylyn,R,Barthropp,825-777-1684,2027335,Engineer
Malena,,Hollow,289-876-8756,2027340,Engineer
Nataline,C,Thursby,898-803-1836,2027360,Engineer
Rafferty,X,Medlen,466-593-9439,2027381,Engineer
Grissel,C,Sewell,378-118-0141,2027395,Engineer
Ariella,M,Torra,348-551-7885,2027403,Engineer
Neille,E,Stott,333-760-3300,2027412,Engineer
Fedora,A,McReynolds,638-425-8209,2027427,Engineer
Antons,S,Deason,563-588-2931,2027437,Engineer
Yoko,,Lebbern,541-627-0452,2027453,Engineer
Brandtr,E,Hurd,798-813-2363,2027456,Engineer
Lanny,V,D'Alwis,998-883-5248,2027457,Engineer
Kelcy,,Grumble,637-722-1526,2027458,Engineer
Emanuel,S,Etherton,974-825-0109,2027459,Engineer
Skipper,,Raymond,685-586-9954,2027469,Engineer
Kristi,B,Elphinstone,221-972-7569,2027470,Engineer
Cart,,McClay,983-910-3286,2027471,Engineer
Amble,,Duffill,102-753-3699,2027495,Engineer
Aile,X,Dewes,285-587-5417,2027500,Engineer
Hersh,L,Inde,357-917-1879,2027518,Engineer
Fulvia,P,McMeekan,626-760-7126,2027523,Engineer
Catherine,O,Sharrard,948-468-5978,2027527,Engineer
Ardath,,Bulpitt,562-626-2348,2027538,Engineer
Viole,N,Laydon,912-690-4919,2027539,Engineer
Conn,,Stilgoe,866-444-2285,2027540,Engineer
Astrid,V,Pearmine,901-845-4019,2027543,Engineer
Stanly,N,Kingcote,512-201-5230,2027546,Engineer
Petra,M,Snibson,423-690-7253,2027550,Engineer
Fonz,F,Ryott,325-336-3278,2027553,Engineer
Mickey,B,Kearsley,739-577-9643,2027557,Engineer
Myrtie,R,Jovanovic,713-691-9194,2027636,Project Leader
Yevette,N,Maguire,563-807-2111,2027650,Engineer
Willabella,E,Chittock,424-927-9275,2027677,Project Leader
Claudius,,Skacel,861-353-7123,2027692,Engineer
Winnie,L,Schelle,897-340-2703,2027711,Engineer
Mariejeanne,O,Gordon-Giles,245-515-7516,2027724,Engineer
Lilla,,Ayers,355-820-6146,2027732,Engineer
Ailene,,Martinelli,848-540-1531,2027751,Engineer
Alli,,Kondratowicz,786-501-7682,2027757,Engineer
Tarra,,Head,962-573-2092,2027761,Engineer
Diena,B,Pechell,791-395-3593,2027778,Engineer
Nat,F,Pipping,962-110-2384,2027788,Engineer
Bevvy,R,Ianniello,265-296-0456,2027798,Engineer
Sergei,G,Staveley,572-518-1522,2027803,Engineer
Angel,,Hanson,121-607-0223,2027809,Engineer
Gillie,I,Baniard,899-294-4024,2027813,Engineer
Wendell,T,Pleat,411-876-5442,2027816,Engineer
Kendall,X,Gebb,855-298-0149,2027817,Engineer
Jenni,E,Firle,572-187-0587,2027818,Engineer
Heall,L,Scothorne,308-506-0715,2027834,Engineer
Susette,C,Ziemen,549-215-7419,2027855,Engineer
Juana,C,Madgett,907-289-9262,2027862,Engineer
Lionello,O,Dows,562-527-6651,2027870,Project Leader
Gigi,,Presslie,914-375-9875,2027876,Engineer
Corry,A,Arndell,839-784-1310,2027904,Engineer
Zia,R,Duguid,827-804-9443,2027905,Engineer
Georgianna,N,Randle,562-502-3064,2027912,Engineer
Morlee,F,Norvell,593-316-4837,2027913,Mission Leader
Mabel,D,Miskimmon,892-484-0500,2027918,Engineer
Idette,X,Serfati,752-243-8639,2027924,Engineer
Angus,D,Ingleton,751-936-5329,2027927,Engineer
Salaidh,S,McDonell,269-836-1744,2027938,Engineer
Alleen,O,Mulles,296-989-3889,2027941,Engineer
Jackelyn,N,Shingler,597-201-1665,2027968,Engineer
Brok,X,Issatt,615-250-1048,2027980,Engineer
Gavra,C,Gowen,416-980-0629,2027983,Engineer
Katie,,Laffoley-Lane,732-179-5472,2027998,Mission Leader
Ellerey,N,Aiston,466-887-1695,2028019,Engineer
Pearl,A,Korejs,922-908-4849,2028029,Engineer
Der,G,Moquin,473-810-3777,2028036,Mission Leader
Briana,F,Cradock,650-549-4223,2028037,Engineer
Mignon,B,Marco,671-612-3152,2028043,Engineer
Vinny,A,Longstaff,315-541-8774,2028048,Engineer
Andrea,S,Haime,972-607-7353,2028051,Engineer
Joanne,,Reeves,626-623-9622,2028057,Engineer
Rozelle,R,Fivey,729-451-7188,2028063,Engineer
Lilah,A,Whilde,399-515-1702,2028083,Engineer
Gail,F,Rosenwasser,194-770-9060,2028093,Engineer
Orelia,,Vear,134-413-0359,2028098,Engineer
Eldin,X,Byars,835-261-1653,2028099,Engineer
Maurizia,X,Von Der Empten,269-560-5823,2028117,Engineer
Erhard,,Melby,479-501-4669,2028122,Engineer
Anthe,I,Solloway,757-266-4780,2028124,Engineer
Sigismond,F,Sinkings,299-962-0496,2028126,Engineer
Jayson,,Westrip,391-866-4298,2028127,Engineer
Amalea,D,Batchellor,239-673-7144,2028133,Engineer
Nickolas,A,Gierok,778-918-3894,2028146,Engineer
Stafani,L,Penwarden,318-487-8408,2028149,Engineer
Eilis,V,Rollingson,506-531-7157,2028160,Engineer
Etheline,A,Scothorne,240-471-4108,2028165,Engineer
Herby,F,Pimlott,628-452-9256,2028172,Engineer
Ibby,D,Lampl,744-128-8240,2028188,Engineer
Corty,X,Deuss,649-972-8685,2028214,Engineer
Brucie,A,Craigg,412-597-4242,2028215,Engineer
Zola,V,Bettanay,960-318-2381,2028218,Engineer
Anson,X,Gowthorpe,297-944-6443,2028221,Engineer
Guglielmo,A,Shurey,986-375-8676,2028228,Engineer
Sheilah,N,Attenborrow,267-482-4989,2028237,Engineer
Fair,I,O'Rourke,201-655-8003,2028240,Engineer
Carmela,I,Leghorn,113-489-3160,2028258,Engineer
Garrek,R,Ablott,985-749-4820,2028264,Engineer
Consuelo,V,Dudeney,886-916-6772,2028283,Engineer
Heath,C,Clara,711-595-8145,2028306,Engineer
Tatum,H,Vost,715-879-8766,2028309,Engineer
Barnie,G,Gammack,897-301-7596,2028336,Engineer
Oberon,M,Armstrong,822-806-9285,2028365,Engineer
Aldin,,Goretti,496-226-2934,2028372,Engineer
Carlos,,Jzhakov,378-687-4784,2028391,Engineer
Lanette,C,MacAlpine,676-948-4958,2028403,Engineer
Danny,X,Poff,812-309-8239,2028422,Engineer
Rodge,I,Petit,355-108-3682,2028452,Engineer
Coreen,S,Gribbins,210-364-8367,2028456,Engineer
Xever,,Geoghegan,111-543-7811,2028458,Engineer
Katti,O,Richt,906-236-0277,2028459,Engineer
Maiga,I,Wickman,295-256-9986,2028471,Engineer
Stefan,A,Payfoot,798-494-6684,2028477,Engineer
Zach,P,Troker,933-705-7505,2028484,Engineer
Yasmeen,T,Beiderbecke,342-925-5943,2028492,Engineer
Hilliary,E,Maple,628-682-4611,2028499,Engineer
Jeth,C,Bartoloma,278-856-8313,2028500,Engineer
Dee dee,,Fidgeon,639-484-5582,2028508,Engineer
Savina,N,Burril,274-469-7761,2028512,Engineer
Florri,D,Bucklee,460-601-7375,2028514,Engineer
Shandra,E,Todeo,859-944-1013,2028516,Engineer
Jorie,M,Crichmer,512-464-7261,2028521,Engineer
Rowney,,Kearle,641-385-0732,2028522,Engineer
Roberta,F,Blaxeland,836-886-5340,2028532,Engineer
Myrna,L,Treamayne,108-127-3331,2028557,Engineer
Angy,F,Margery,795-219-6480,2028564,Engineer
Nil,O,Spiers,765-388-4121,2028587,Engineer
Allsun,X,Ramsay,305-947-4768,2028589,Engineer
Robin,,Laudham,748-653-4072,2028596,Engineer
Benedick,R,Setchell,357-431-0831,2028598,Engineer
Vernor,N,Dendle,703-252-5114,2028620,Engineer
Tremaine,P,Safhill,546-840-5235,2028623,Engineer
Prince,M,Effnert,206-240-3265,2028626,Engineer
Heddie,,D'Ambrosi,700-286-2746,2028633,Engineer
Jorrie,L,Bourley,717-861-6784,2028647,Engineer
Linette,I,Mustard,313-369-0547,2028659,Engineer
Rose,O,Renzo,926-272-1677,2028664,Engineer
Tabby,,Clemensen,743-336-1457,2028676,Engineer
Page,N,Lernihan,772-193-3763,2028677,Engineer
Lauren,E,Elfitt,897-836-1995,2028697,Engineer
Munmro,T,Mandeville,863-154-2544,2028707,Engineer
Cornie,C,Tame,403-838-6377,2028714,Engineer
Cam,D,Schuster,965-726-0919,2028740,Engineer
Barby,D,Kittle,826-721-5466,2028743,Engineer
Lori,M,Larmett,689-694-0724,2028744,Engineer
Arnold,B,Eckhard,541-119-0748,2028752,Engineer
Clare,I,Diess,692-411-0804,2028768,Engineer
Gabi,N,Mathan,889-963-4916,2028774,Engineer
Rollin,,MacUchadair,708-655-9672,2028795,Engineer
Adham,D,Balazin,259-892-0518,2028796,Engineer
Petronella,V,Crisford,734-891-8121,2028806,Engineer
Guillermo,,Summerlad,650-132-9885,2028831,Engineer
Erminie,X,Scoullar,512-185-0292,2028865,Engineer
Royal,P,Bloodworth,950-535-3098,2028895,Engineer
Horace,,Abramovitz,688-245-9620,2028898,Engineer
Carter,I,Shelmardine,283-712-5647,2028904,Engineer
Elvyn,,Mearns,104-585-2503,2028907,Engineer
Bel,N,Couronne,115-819-4382,2028931,Engineer
Haley,E,Sollowaye,631-166-4071,2028937,Engineer
Lilith,D,Jerrom,585-592-3291,2028949,Engineer
Blair,H,Maunton,284-487-8666,2029019,Project Leader
Carr,R,Trouncer,114-433-2009,2029027,Engineer
Ralf,G,Allbon,870-501-6280,2029046,Engineer
Carlie,E,Wearn,919-105-8531,2029052,Engineer
Lane,B,Cranefield,511-420-5876,2029067,Engineer
Shell,V,Laughlin,369-186-7546,2029086,Engineer
Vivia,R,Cowen,201-892-3024,2029094,Engineer
Gilbertina,,Banisch,690-516-8996,2029096,Engineer
Fee,,Burgwyn,148-465-2411,2029097,Engineer
Binky,,Lemanu,450-882-2833,2029099,Engineer
Vanessa,S,Perillio,547-568-7647,2029125,Engineer
Nikki,T,Tunkin,812-501-6062,2029136,Engineer
Amata,,Greensitt,430-856-1692,2029149,Engineer
Bobbi,D,Keyzman,540-359-1408,2029151,Engineer
Saundra,M,Warboy,768-787-4958,2029170,Engineer
Tades,S,Rowsell,481-927-7814,2029175,Engineer
Clarice,G,Eddoes,869-145-6026,2029185,Engineer
Abie,A,Arrowsmith,135-213-7223,2029204,Engineer
Klaus,S,Skudder,776-475-1454,2029206,Engineer
Corrina,R,Heephy,248-116-5997,2029218,Mission Leader
Jethro,,Diviny,480-658-8983,2029222,Engineer
Kleon,B,Hawkin,653-918-3163,2029233,Engineer
Pamela,D,Greest,535-716-2085,2029250,Engineer
Hildy,S,Percifer,858-510-3284,2029265,Engineer
Christoper,,Murrells,902-944-1773,2029266,Engineer
Wilona,E,Tirrell,951-298-5870,2029281,Engineer
Alyssa,,Mangham,680-865-3047,2029283,Engineer
Ninnette,,Garric,568-773-6950,2029297,Engineer
Mendie,C,Abrams,452-998-7113,2029306,Engineer
Emelen,O,Mattia,439-892-4800,2029340,Engineer
Davis,S,Grinnell,711-765-5687,2029348,Engineer
Bonni,V,Elland,812-331-1805,2029350,Engineer
Angelia,A,Hazelgreave,230-748-9106,2029362,Engineer
Joice,A,Golds,438-293-6755,2029369,Engineer
Malvin,M,Jeandet,825-304-5554,2029378,Engineer
Eustace,N,Biaggelli,290-710-4120,2029379,Engineer
Rhetta,T,Dulson,365-363-2176,2029383,Project Leader
Everard,S,Cana,617-464-8236,2029386,Engineer
Patsy,,Hindhaugh,627-295-4485,2029412,Engineer
Tammara,B,Pinnegar,381-281-7532,2029420,Engineer
Guthrie,,Dandie,179-223-9650,2029421,Engineer
Gloriane,,Ruttgers,750-483-3535,2029424,Engineer
Magda,A,McIlory,791-434-6247,2029425,Engineer
Rosana,T,Clement,667-615-3480,2029433,Engineer
Dorian,L,Furbank,619-139-0199,2029439,Engineer
Janaye,G,Roobottom,816-271-6928,2029441,Engineer
Bo,,Tenwick,130-129-3902,2029461,Engineer
Zachary,,Pinar,278-806-7575,2029465,Engineer
Dino,,Fabb,636-755-5750,2029468,Engineer
Irvin,O,Castaignet,965-243-2245,2029473,Engineer
Emery,L,Barlie,649-287-4219,2029475,Engineer
Welsh,,Gaize,980-394-7367,2029482,Engineer
Julio,A,Simonsson,942-632-1028,2029489,Engineer
Isabella,H,Cox,475-194-6060,2029493,Engineer
Amelina,H,Clewes,773-892-4590,2029498,Engineer
Geno,,Wigmore,151-470-5206,2029500,Engineer
Meryl,V,Shivlin,441-499-2056,2029512,Engineer
Katrine,V,Loidl,218-219-1029,2029522,Engineer
Ransom,T,Clayhill,454-709-6718,2029526,Engineer
Maryjane,,Papen,864-166-8642,2029531,Engineer
Reuben,B,Altham,337-202-1175,2029534,Engineer
Merrielle,,Hardistry,212-581-3051,2029562,Engineer
Dix,X,O'Hoey,367-144-2191,2029564,Engineer
Myrta,O,Fairchild,428-289-6329,2029583,Engineer
Orlando,L,Aronowicz,300-946-6710,2029596,Engineer
Marjy,S,Crisall,255-823-8291,2029600,Engineer
Liza,,Rolling,189-685-3232,2029608,Engineer
Adelina,D,Sheerin,487-352-2288,2029624,Engineer
Hillel,,Wrinch,499-711-4256,2029651,Engineer
Robby,T,Bartolomeoni,658-726-7798,2029653,Engineer
Patrice,L,McRobbie,850-601-1595,2029661,Engineer
Dwight,,Sisneros,218-989-2954,2029664,Engineer
Arliene,G,Glanders,631-605-8783,2029669,Engineer
Helyn,H,Healings,724-598-3128,2029681,Engineer
Fergus,,Blaasch,594-560-2121,2029682,Engineer
Kalina,O,Logie,430-976-0333,2029700,Engineer
Amelita,,Kerbey,277-508-8938,2029706,Engineer
Latashia,,Pallasch,671-295-7990,2029716,Engineer
Beverlee,S,Salan,458-792-4201,2029725,Mission Leader
Debora,N,Elmes,312-415-5333,2029729,Engineer
Ros,M,Lester,160-689-4176,2029731,Engineer
Nomi,,MacLennan,719-362-9673,2029750,Engineer
Belvia,G,Wheldon,896-804-9234,2029765,Engineer
Kaila,F,Graffham,257-706-6596,2029766,Engineer
Brewster,,McLeish,220-725-4556,2029771,Engineer
Ginger,A,Donaho,595-681-2671,2029804,Engineer
Christie,H,Hardage,114-356-6732,2029810,Engineer
Kevin,,Witherup,133-976-3849,2029825,Engineer
Thorstein,T,Paddie,486-691-2482,2029835,Engineer
Kate,A,Murrhardt,692-288-8972,2029839,Engineer
Myrilla,,Eagan,799-221-4094,2029841,Engineer
Fidelio,L,Fenny,453-446-6700,2029845,Engineer
Celle,O,Anniwell,941-303-3404,2029859,Engineer
Aurora,F,Abels,157-831-4929,2029897,Engineer
Nissie,M,Drydale,210-501-3605,2029907,Engineer
Pedro,D,Underwood,364-218-3883,2029920,Engineer
Darcey,,Cullinane,865-495-9846,2029942,Engineer
Rolph,,Lober,213-726-4340,2029961,Engineer
Hector,,Bagott,958-261-6724,2029962,Engineer
Alameda,,Jammes,169-897-7410,2029977,Engineer
Ludwig,D,Blythe,109-825-3049,2029990,Project Leader
